sID,ev_netsize,flood_netsize,tot_ev_units,tot_fl_units,dedicated.staffing,centralized.staffing,grantwriter_dummy,funding_external,funding_internal,med_hh_income_2019,total_pop2019.x,genrev2017.pc.dollars,pct_dem_2016
72715113,1,3,1,4,0,0,0,1,1,76444,56666,1279.0385769244344,27.94297
72715119,1,2,3,8,0,0,1,1,1,41896,25702,1085.2851918138667,24.52722
72715121,0,5,11,4,0,0,1,1,0,70474,27100,563.8376383763838,45.33112
72715126,0,0,1,3,0,0,1,0,1,62695,28376,1303.6721172822104,20.32552
72715131,0,0,1,3,0,0,1,0,1,104893,42543,813.8119079519545,40.12364
72715133,0,1,1,1,0,0,0,0,0,80525,31421,833.6462875147195,40.84727
72715136,1,1,5,4,0,0,0,0,0,70659,20867,308.86088081660034,65.19328
72715138,0,0,1,2,0,0,0,0,1,78942,27947,522.8468171896806,67.16389
72715144,0,0,1,2,1,1,0,1,1,48105,66258,4608.34918047632,12.64153
72715146,0,4,1,2,1,0,0,0,1,84157,25377,2205.934507625015,51.57056
72715155,3,0,3,6,1,1,1,1,1,51276,123195,1478.1038191485043,12.42072
72715156,3,5,5,2,1,1,0,0,1,62625,90643,861.0703529230055,47.42514
72715158,6,5,4,5,1,1,0,1,1,56878,110997,3658.188960061984,66.74261
72715159,1,5,7,3,0,0,0,1,1,64470,48917,1168.448596602408,9.377818
72715162,2,1,7,1,0,0,0,0,0,114681,74107,1473.9093472951272,22.98494
72715171,6,6,6,5,1,1,1,0,1,128447,30889,3629.7387419469715,49.70557
72715177,0,2,1,3,0,0,1,0,1,43621,67191,1126.043666562486,14.28571
72715178,0,0,2,1,0,0,0,0,0,121017,47896,426.0481042258226,47.42514
72715184,5,4,7,2,0,0,1,1,1,51104,47965,1285.3956009590327,38.48127
72715196,3,2,3,2,1,1,0,0,1,59450,182437,2436.013527957596,38.02327
72715207,0,1,1,2,0,0,1,1,1,29094,19009,1031.511389341891,29.94167
72715212,0,0,2,1,1,1,0,1,0,46609,46580,1370.4164877629883,24.16928
72715214,5,1,8,3,0,0,0,0,1,137867,49037,2645.8388563737585,24.53861
72715229,3,13,7,11,1,0,0,1,1,51590,242742,5032.590157451122,68.38274
72715232,7,3,5,5,1,1,1,1,1,93780,174775,1295.1852381633528,49.73376
72715236,3,1,1,2,1,1,0,1,1,89763,67985,981.4959182172538,45.65413
72715241,2,0,1,1,0,0,0,0,0,49284,40335,1511.4416759638032,24.89742
72715243,2,6,1,4,1,0,1,0,1,40633,53922,1536.311709506324,33.53528
72715250,5,5,2,1,1,1,0,0,1,106955,28016,3596.2307252998285,66.74261
72715251,6,2,2,2,1,1,1,1,1,54744,95166,2300.474959544375,38.02327
72715256,0,1,2,3,1,1,1,0,1,69087,41283,1593.1497226461256,29.50747
72715258,0,3,4,5,1,1,0,0,0,68277,24259,834.1646399274496,24.16928
72715260,0,1,4,3,1,1,0,0,0,49525,38531,1419.6620902649815,61.64019
72715263,5,0,2,2,1,1,0,1,0,78347,35672,977.4332810047096,30.64003
72715287,3,0,2,4,1,1,0,1,1,80943,39597,4087.254084905422,66.74261
72715288,0,3,0,2,0,0,0,0,0,55607,24482,1062.9850502409934,57.11093
72715289,0,0,1,1,1,1,0,0,1,50659,123420,1217.3877815589044,43.13926
72715291,0,0,1,2,0,0,0,0,0,63722,38655,1492.6658905704307,20.96189
72715304,1,0,5,3,1,1,1,1,1,63017,462628,3348.044216951849,21.13265
72715305,2,11,8,4,1,1,0,1,1,53490,24395,1363.5171141627382,29.91503
72715308,11,0,7,9,1,1,1,1,1,54234,57882,2547.1130921530007,29.51516
72715310,4,6,2,3,0,0,0,1,1,46617,56637,1274.73206561082,19.01054
72715312,8,0,4,3,0,0,1,1,0,39724,35342,1470.573255616547,23.15937
72715322,2,1,1,2,1,1,0,0,1,101342,55516,978.9610202464154,39.49944
72715330,0,1,4,1,0,0,1,0,1,93789,26420,1326.5329295987888,18.75513
72715334,1,1,1,4,0,0,1,0,1,47925,34851,1422.2260480330551,17.80822
72715337,1,2,1,2,0,0,0,1,1,82569,35811,1073.5248945854626,65.59885
72715350,4,3,2,5,1,1,0,0,1,51972,61037,1001.7694185494043,49.51088
72715352,14,0,6,2,1,0,1,1,1,75130,84943,1767.8090013303038,31.81687
72715353,0,3,3,3,0,0,0,0,0,39332,58877,1120.3695840481003,25.375610000000002
72715357,3,2,3,2,1,1,0,0,1,71389,114161,551.6770175453964,64.45279
72715365,1,3,1,6,0,0,0,0,0,69014,22752,1303.2700421940929,13.26356
72715378,0,5,0,5,0,0,1,0,1,59745,42918,1380.1901300153784,20.19654
72715385,4,0,6,2,1,1,0,0,1,108927,39822,2472.0255135352318,59.87939
72715388,0,0,6,2,0,0,1,0,1,79325,60513,1156.379620907904,47.42514
72715389,0,1,0,2,0,0,1,0,0,36792,20020,1712.7872127872129,54.75255
72715390,0,1,4,4,0,0,0,1,1,100594,33870,2356.2444641275465,24.55471
72715391,0,0,0,2,0,0,0,0,0,87187,44438,1158.9855529051713,17.53617
72715398,3,1,2,3,0,0,0,0,0,102016,58098,734.7757237770663,48.86325
72715406,0,0,0,7,0,0,0,0,1,83488,39691,1222.619737471971,33.13225
72715408,0,1,5,5,0,0,0,1,0,52611,24932,3934.702390502166,47.38338
72715409,1,2,2,1,0,0,0,0,1,117266,48587,2408.5249140716655,9.377818
72715418,3,2,4,4,0,0,0,1,1,52513,21223,3327.2864345285775,37.12191
72715422,2,1,3,2,0,0,1,1,1,42701,70746,1299.6918553699147,45.33851
72715425,1,15,10,4,1,1,1,0,1,47568,681728,1273.601788396545,25.52573
72715433,6,4,2,5,1,1,1,0,1,76015,48065,2106.3351711224386,45.95763
72715453,1,1,6,2,0,0,0,1,0,70549,24881,557.6946264217676,69.3764
72715458,0,0,1,1,0,0,0,1,0,52321,93444,963.5931681006806,21.13265
72715464,5,2,9,3,1,0,0,1,1,71267,62998,942.8712022603893,33.95082
72715466,6,0,4,1,1,1,0,0,1,119291,32362,1106.2666089858476,51.38763
72715470,1,2,4,7,0,0,0,1,1,82396,38014,1345.7673488714684,33.13225
72715475,0,1,0,1,0,0,0,1,1,81895,32400,2907.746913580247,33.43091
72715477,1,3,3,3,1,0,0,1,1,46669,44955,1510.3103103103103,47.46133
72715479,1,0,6,4,1,1,0,0,1,80694,28178,5093.299737383774,52.55876
72715496,12,11,9,1,1,0,0,1,1,104244,52857,1333.7495506744613,31.81687
72715498,2,11,0,5,1,0,1,0,1,127055,200490,2023.2729811960696,10.65056
72715509,0,3,3,4,0,0,1,0,0,45733,40559,1789.2206415345547,21.17793
72715526,0,7,5,9,0,0,1,1,1,67337,36482,1258.1272956526507,23.85849
72715529,0,0,1,2,1,1,1,0,1,129983,22827,3966.4432470320235,47.42514
72715533,1,2,4,5,1,0,0,0,1,82153,36543,1907.8072407848288,24.36685
72715536,3,0,8,5,1,0,0,1,1,60035,228959,1527.9591542590597,64.45279
72715541,0,0,5,5,0,0,1,0,1,74071,22959,830.6982011411646,25.88789
72715547,0,5,4,5,0,0,1,0,1,50444,75048,1403.1153395160432,66.11532
72715549,5,11,6,6,1,1,0,1,1,55557,655057,1944.1682174223008,23.9158
72715550,2,4,5,2,1,1,0,0,1,182083,30185,2239.589199933742,49.70557
72715557,1,3,4,2,0,0,0,0,0,50848,31295,1650.7748841667997,54.07545
72715560,2,4,3,2,0,0,0,0,1,91136,22295,1150.257905359946,12.04819
72715562,1,2,4,1,1,1,1,0,1,53324,103301,1074.4620090802605,33.85587
72715563,5,5,3,9,1,1,1,1,1,44456,35913,1484.0030072675631,33.43091
72715569,0,0,0,1,0,0,0,0,0,40000,20525,936.8087697929354,25.27499
72715579,1,0,2,1,1,1,0,0,1,61259,30528,1117.5642033542977,19.54678
72715587,2,0,4,3,1,1,1,1,1,57659,31324,1089.7394968714084,19.86063
72715594,7,2,3,3,1,0,0,1,1,65308,53544,1005.9763932466757,33.74221
72715609,0,2,3,5,0,0,0,0,1,49460,77273,1139.8030359892848,42.39331
72715614,1,1,4,3,0,0,1,0,0,53270,23006,973.2678431713466,37.12206
72715622,0,0,1,1,0,0,1,0,0,51928,101004,1133.885786701517,27.57193
72715633,1,0,5,3,0,0,0,0,0,65589,37988,1344.2929346109297,28.23858
72715636,0,0,3,1,0,0,0,0,1,37552,38797,1889.2697889012038,22.3596
72715639,0,0,8,2,1,0,0,1,1,158271,65364,4194.633131387308,60.60548
72715642,0,14,4,6,0,0,0,0,0,50343,81125,1134.5577812018491,21.10642
72715652,0,4,1,1,0,0,0,0,0,32072,21653,1904.493603657692,40.32375
72715660,0,0,3,2,0,0,1,0,0,43369,60131,1864.063461442517,14.97065
72715664,2,2,2,6,0,0,0,0,1,93717,41103,2413.546456463032,24.53861
72715670,0,3,1,4,0,0,1,0,0,49878,23918,1030.1446609248267,17.80822
72715675,7,15,2,3,1,1,1,0,1,69630,24118,4864.872709179866,63.67511
72715681,0,0,1,1,0,0,0,1,0,47864,44079,4347.830032441752,56.03754
72715684,1,0,1,2,0,0,0,0,0,101121,36223,1576.4293404742843,16.28005
72715685,7,7,4,8,1,1,1,1,1,54251,154817,2044.200572288573,38.02327
72715686,0,2,0,4,0,0,1,0,0,109485,34413,1052.0152268038241,51.57056
72715687,1,2,2,4,0,0,0,0,0,89251,55135,941.489072277138,30.64003
72715689,0,0,0,1,0,0,0,0,0,40347,48807,1297.170487839859,22.20125
72715695,1,1,3,4,0,0,1,0,1,54357,23639,1671.178983882567,45.43873
72715706,0,0,3,8,0,0,0,0,0,47476,104683,1096.5104171642004,8.412836
72715710,2,3,6,2,1,0,0,1,1,70032,39613,652.4120869411557,19.07108
72715713,1,1,6,3,0,0,0,0,0,82626,20523,1603.810359109292,54.13256
72715722,1,0,3,3,1,1,0,1,1,40769,40117,4621.806216815814,64.11714
72715723,7,10,3,3,1,0,1,1,1,60092,478192,1501.1438919931743,29.26138
72715731,2,2,4,1,1,1,1,0,1,65641,29036,7548.353767736603,59.54368
72715737,0,0,2,1,1,1,1,1,1,138557,41530,868.6491692752227,21.13265
72715745,2,0,1,1,0,0,0,1,0,42447,57509,1084.4041802152706,21.13265
72715749,0,6,1,13,0,0,1,0,1,83091,21729,1531.409636890791,12.20369
72715752,0,1,1,1,0,0,0,0,0,50529,28757,1281.9487429147687,42.72624
72715753,1,5,1,5,1,0,0,1,1,36557,54280,2084.303610906411,35.43241
72715762,0,0,4,1,1,1,0,1,1,69685,24024,1990.7176157176157,53.16282
72715769,2,2,4,6,1,1,0,0,1,83402,24310,971.9457013574661,20.96189
72715770,2,13,4,2,1,1,0,0,1,153023,35183,2516.868942386948,21.13265
72715772,1,1,2,4,0,0,0,0,0,52351,77503,1887.1914635562493,35.56086
72715811,0,1,4,5,0,0,1,0,1,31128,29400,771.0884353741496,20.59496
72715817,15,10,8,3,1,1,0,1,1,76011,20034,2265.3988220025954,70.16583
72715819,1,1,5,4,0,0,0,0,1,57882,20427,1129.926078229794,33.95082
72715825,1,0,5,8,1,1,0,0,1,58511,133562,2853.9479792156453,38.48059
72715827,2,5,3,5,1,1,0,0,1,53938,21210,1863.8378123526638,33.43091
72715830,0,0,0,1,0,0,1,0,0,32977,27930,1455.3526673827425,24.03126
72715831,5,4,6,4,1,0,1,1,1,50962,172622,1818.5978612227873,16.25954
72715836,0,0,3,5,1,1,1,0,1,108967,23731,3133.8755214698076,52.11649
72715845,0,0,2,3,0,0,1,0,0,62685,24440,933.8379705400982,33.43547
72715864,0,3,5,3,1,1,1,0,1,54648,114230,1405.5414514575855,22.59311
72715865,6,0,5,6,1,1,1,1,1,50103,201013,1797.8389457398278,25.81229
72715867,1,1,2,3,0,0,0,0,0,82461,44303,2240.4351849761865,23.85849
72715872,7,0,11,8,1,1,1,1,1,60676,200567,3242.866473547493,9.377818
72715877,3,5,4,5,1,1,1,1,1,123477,24523,759.8173143579496,35.18393
72715878,4,7,9,3,1,0,1,0,0,59878,52882,2394.1794939677015,53.16282
72715881,0,0,0,2,0,0,0,1,0,47861,32579,1526.0443844194115,35.954
72715885,6,2,2,2,1,1,0,1,1,40265,102026,2180.4147962284123,21.13945
72715886,1,4,2,2,0,0,0,0,0,94132,23767,1014.6421508814742,24.27938
72715890,1,4,3,6,1,0,0,1,1,89969,99357,1613.7463892830904,21.85524
72715892,0,0,1,3,1,0,0,0,1,72539,58113,773.4413986543458,20.19654
72715893,13,1,7,1,1,1,NA,1,1,57459,1700000,1914.5647058823529,26.46614
72715895,3,5,7,7,1,1,1,0,1,106899,27128,1131.4508994396933,61.6207
72715899,3,5,5,7,0,0,0,1,1,42222,130250,6495.454894433781,51.17914
72715909,0,3,4,4,0,0,0,0,0,37683,46599,1376.853580548939,15.56988
72715913,9,1,5,2,1,1,1,1,0,40608,76653,1509.0994481624987,17.41917
72715918,1,3,3,6,0,0,1,0,0,70509,147344,1548.743077424259,43.1358
72715924,4,3,5,8,1,0,0,1,1,57876,308096,2153.5430515164107,33.32806
72715925,0,0,1,2,0,0,1,0,0,68245,20715,1092.0106203234373,51.9426
72715928,4,0,5,1,1,0,1,1,1,74242,97261,1782.009232888825,30.61754
72715929,15,15,6,5,1,1,0,1,1,112029,37812,1112.6890934094997,61.2154
72715930,2,1,4,2,1,0,1,0,1,37255,34778,795.5604117545575,31.09655
72715932,3,4,5,5,1,1,1,0,1,53669,58285,2719.842154928369,21.0428
72715933,1,2,1,2,0,0,1,1,1,107908,71166,1197.8332349717562,38.02327
72715938,1,10,4,6,0,0,0,0,1,67388,194543,1444.7602843587279,14.37824
72715943,0,2,0,2,0,0,0,0,0,110313,26926,1340.5630245859022,43.1358
72715945,0,0,1,3,1,0,1,1,0,60110,23468,1588.2904380432929,10.52342
72715955,0,1,3,3,0,0,1,0,1,94893,49057,1447.4590782151374,23.85849
72715965,0,0,2,6,1,1,0,1,0,46321,95363,4390.0149953336195,67.45676
72715974,13,14,6,6,1,1,0,1,1,57563,78679,1773.014400284701,60.95174
72715978,0,2,7,7,1,1,1,1,1,71807,20033,2275.3955972645135,27.43816
72715980,0,1,1,3,1,1,0,0,1,96275,21628,757.259108562974,23.85849
72715981,0,3,6,2,0,0,0,0,0,38291,63855,977.245321431368,21.54281
72715990,7,8,3,5,1,1,1,1,1,95510,69724,1067.5520624175322,7.77526
72716004,0,1,1,1,0,0,0,0,1,79733,53719,1458.2363781902122,33.43091
72716007,0,2,0,2,0,0,0,0,0,55734,44299,1931.3528522088534,71.13734
72716012,1,3,1,2,0,0,0,1,1,110189,37431,1056.3436723571372,34.61216
72716016,1,0,2,1,0,0,0,1,1,102110,36252,663.5771819485822,45.33112
72716022,15,2,7,5,1,1,0,1,1,61825,87931,1279.0142270644028,26.46614
72716024,0,4,3,3,0,0,1,0,1,43344,46536,3260.142685232938,37.34047
72716027,1,0,3,2,1,1,0,1,1,111981,64893,987.0556146271555,31.81687
72716030,9,9,6,2,1,1,0,1,1,98005,30911,1440.0051761508848,75.66606
72716033,0,0,2,1,1,1,0,1,0,84138,113003,1233.0823075493572,47.42514
72716034,0,0,1,1,0,0,1,0,0,38221,28454,1233.1130948197092,13.3885
72716043,15,0,7,4,1,1,0,1,1,133354,241110,1079.706358093816,22.98494
72716057,1,0,1,2,1,1,0,1,1,59977,53275,2351.984983575786,35.74824
72716061,1,0,5,8,0,0,0,0,1,53863,24415,5152.897808724145,23.67182
72716063,0,2,3,1,1,1,0,0,1,57824,140937,1214.6136216891234,14.37824
72716066,0,0,5,2,1,1,0,0,1,52911,560513,1748.1021849627039,35.0983
72716074,3,3,3,2,1,1,0,1,1,56354,651319,1307.4668480422035,20.20479
72716078,2,10,4,6,1,1,1,0,1,104756,77624,2229.8644749046684,22.98494
72716085,0,0,1,2,0,0,1,0,0,72017,81456,4085.543115301513,55.67304
72716094,10,4,2,6,0,0,1,1,1,39990,28186,1325.8000425743278,38.85749
72716095,9,3,7,3,1,1,0,1,1,40640,303940,3810.1730604724617,26.32723
72716096,2,4,2,5,0,0,1,0,1,47944,26394,6446.768204895052,26.89678
72716110,1,4,2,2,1,0,0,0,1,48415,88909,1232.7435917623636,31.63544
72716119,14,7,7,5,1,1,0,1,1,140631,152703,2442.964447325855,60.60548
72716138,1,5,5,6,1,0,1,1,1,42321,188720,2126.2664264518867,41.78954
72716139,0,0,2,1,0,0,1,1,1,70667,103949,974.8049524285948,21.13265
72716144,0,2,0,2,0,0,1,0,0,51351,21760,2647.748161764706,22.64281
72716154,0,1,1,5,0,0,0,0,0,99451,24755,860.0282771157341,18.75513
72716162,5,0,2,7,1,0,1,0,0,47286,131674,1996.688792016647,21.1095
72716163,9,5,3,4,1,1,0,1,1,124863,32958,1981.7039868924085,33.43091
72716164,2,1,4,5,0,0,1,1,1,59533,84347,1054.5366165957296,32.93888
72716175,0,1,3,3,0,0,1,NA,NA,77686,58225,1665.8308286818378,32.93888
72716181,7,11,13,10,1,1,0,1,1,43307,144464,2598.15594196478,25
72716183,2,9,4,13,1,0,1,0,1,42949,32696,14772.785661854661,52.27629
72716191,2,0,4,0,0,0,0,1,1,55670,53955,624.0200166805672,21.13265
72716194,6,0,2,5,1,1,1,1,1,48677,26594,1213.6948183800857,27.04422
72716195,2,2,5,1,0,0,1,0,0,77111,36331,1828.3559494646445,21.13265
72716199,0,1,2,3,0,0,1,1,0,91022,40228,3908.073978323556,66.74261
72716203,6,1,3,3,1,1,0,0,1,45233,51227,1973.588146875671,51.46424
72716207,0,0,1,3,0,0,0,0,0,37714,24797,961.9712061942977,33.90863
72716208,3,0,3,1,1,0,0,1,1,63548,26811,926.9329752713439,52.11649
72716221,2,2,3,4,0,0,0,0,0,34956,20050,1435.71072319202,28.13565
72716225,3,1,2,2,0,0,0,0,1,75630,176753,1712.1519861049035,61.6207
72716227,0,0,1,2,1,1,0,1,1,41228,651073,1942.496463530203,17.34138
72716228,2,2,4,2,0,0,1,0,1,32193,30193,2095.618189646607,20.97418
72716235,0,0,0,7,0,0,0,0,0,78709,27087,571.7502861151106,29.94167
72716236,0,3,2,1,0,0,0,1,1,71707,79620,1015.8754081888972,26.46614
72716237,5,12,0,11,1,0,1,1,1,54701,911507,2484.2848162438686,17.63399
72716239,8,8,1,5,1,1,0,0,1,50356,36537,1355.8584448641104,37.38176
72716246,6,5,8,10,1,1,1,1,1,48626,34217,1115.790396586492,26.96657
72716247,1,0,3,3,0,0,1,1,1,50093,26273,1103.7186465192403,21.52372
72716254,1,0,5,4,0,0,0,1,1,34428,20737,1246.6123354390704,33.85587
72716260,1,1,1,1,0,0,0,0,0,97055,21148,1437.0153205976926,49.51088
72716262,1,3,5,5,1,0,1,1,1,53225,55126,4037.568479483365,64.11714
72716269,2,0,1,3,1,1,1,0,1,36406,60622,1693.0157368612056,29.98991
72716273,0,4,1,4,0,0,1,0,0,29339,20103,1534.298363428344,36.96911
72716278,11,4,4,4,1,1,0,1,1,43173,44233,1051.0252526394322,35.03407
72716280,1,1,3,6,0,0,0,1,1,47217,61448,2263.7189168077075,42.72624
72716290,11,0,4,1,1,1,0,1,1,70148,20742,6087.889306720664,27.83329
72716298,0,1,5,1,0,0,0,0,0,36890,22813,1785.1225178626223,33.13824
72716304,2,1,8,5,1,0,1,0,1,50211,27755,2801.5852999459557,24.27449
72716312,4,2,2,1,0,0,1,1,1,50397,26931,1507.9276670008542,37.72141
72716314,1,2,4,4,1,0,0,1,1,82062,39203,852.4857791495549,23.85849
72716316,9,5,1,3,1,1,0,0,1,50493,52975,2516.432279377065,47.54018
72716321,2,1,1,1,0,0,0,0,0,80392,54909,1529.6945855870622,21.09177
72716334,0,1,5,0,1,1,1,1,1,77360,133759,1160.437802316106,38.02327
72716342,4,2,2,3,1,1,0,0,1,58748,75038,2116.660891814814,34.88953
72716343,2,2,1,8,1,0,0,0,1,73739,46051,1196.2389524657444,28.99729
72716345,0,5,1,3,1,1,1,1,1,147620,52677,2592.5546253583157,47.92105
72716348,2,3,5,3,0,0,1,0,1,51377,45202,1515.4860404406884,38.02327
72716349,1,5,6,7,0,0,1,1,1,75101,43718,528.8210805617823,35.18393
72716351,0,0,2,3,1,0,1,1,0,68924,23544,628.3554196398234,44.39832
72716356,0,10,5,5,1,1,0,1,1,83923,21927,6502.303096638847,48.05614
72716365,1,1,2,4,0,0,0,0,0,66686,26956,1456.2991541771778,25.27499
72716375,6,4,5,4,1,1,0,1,1,101738,28846,1107.328572419053,61.2154
72716379,10,7,7,2,1,1,1,0,1,64712,478221,1237.710180021371,19.61447
72716380,1,7,3,5,1,0,1,1,0,66194,47382,2916.255117977291,25.17256
72716383,2,6,3,2,0,0,0,1,1,122998,20222,1895.1636831173969,21.13265
72716388,0,0,5,3,0,0,1,1,1,57206,24295,1923.8526445770733,33.94814
72716392,2,2,2,6,1,1,1,1,1,64416,24443,1293.294603772041,23.85849
72716398,0,3,2,2,0,0,1,1,0,104504,122460,1321.5662257063532,25.54188
72716400,4,4,4,3,1,1,0,0,1,64493,109212,1159.0759257224481,17.53617
72716404,1,1,2,1,1,1,0,0,1,87578,39829,1392.653594114841,40.39108
72716412,0,0,2,5,0,0,0,1,1,67862,41204,3685.6130472769632,64.11714
72716426,5,2,5,3,0,0,0,0,1,73046,62700,1834.3381180223287,33.43091
72716428,5,0,5,1,1,1,0,1,1,38311,126913,1793.307226210081,22.51903
72716430,3,5,1,2,1,1,0,1,1,58790,255601,1601.4217471762631,29.39797
72716432,0,2,2,3,0,0,0,0,0,55350,21804,2067.1436433681893,35.18393
72716441,2,0,4,1,0,0,0,1,1,66300,38819,1076.715010690641,34.39429
72716446,2,13,1,10,1,0,0,1,1,79329,146038,1376.2924718224024,17.82407
72716456,1,6,4,9,0,0,1,0,1,84254,22476,1177.7451503826303,21.74368
72716460,15,15,9,5,1,1,1,0,1,44323,84948,1432.4174789282856,37.38176
72716462,0,0,0,3,0,0,0,0,0,76577,32100,1362.8660436137072,22.51944
72716466,1,0,1,1,0,0,0,1,0,62541,39899,1072.6083360485225,21.13265
72716472,0,0,2,2,0,0,0,0,1,111642,36950,1443.1393775372126,33.43091
72716474,6,1,5,5,1,1,1,0,1,100843,49700,3478.5915492957747,35.18393
72716475,3,1,3,4,1,0,0,0,1,123548,35366,1597.7492506927558,24.53861
72716478,4,2,4,1,1,0,0,1,1,80627,48662,1251.9214171221897,31.81687
72716482,5,1,3,3,1,1,1,1,1,97265,20725,812.3522316043426,45.33112
72716486,2,5,1,3,1,1,0,1,1,31936,74879,1670.294742184057,21.74368
72716492,5,0,3,1,1,0,0,0,0,137377,28357,1109.9199492188877,25.68713
72716509,3,2,1,6,1,1,0,1,0,37752,272779,1832.3844577478471,47.62952
72716514,0,1,4,4,0,0,1,1,1,44633,45504,3034.7881504922643,23.17653
72716524,0,1,3,3,1,1,1,0,1,75566,25752,1253.7278657968313,38.88746
72716525,3,6,2,5,1,0,0,0,1,56971,22786,2338.5412095146144,43.8513
72716527,0,1,7,2,1,0,1,0,1,37264,133997,1561.8110853228059,90.86382
72716528,0,1,3,1,1,0,0,0,1,156400,81777,2092.2019638773736,22.98494
72716530,2,3,3,2,0,0,1,0,1,66679,32163,636.0103224201723,74.72482
72716532,1,1,2,2,1,1,0,0,1,78613,109452,1070.2042904652267,14.62009
72716535,0,0,3,2,0,0,1,0,0,55230,29156,5127.8639045136515,46.02347
72716538,7,10,6,5,1,1,1,0,1,78003,88815,1769.1943928390474,22.98494
72716540,3,2,3,3,1,1,1,0,1,82275,109128,1712.0079173081153,39.96155
72716548,0,5,2,9,0,0,1,1,0,52253,42708,1479.2778870469233,25.19592
72716567,2,2,1,1,0,0,0,0,1,105154,21175,945.4073199527745,71.94019
72716570,0,1,3,3,0,0,0,1,0,62276,87796,611.3262563214726,49.73376
72716572,11,9,4,3,1,1,0,0,1,61902,20990,1457.932348737494,59.87939
72716575,0,6,5,3,1,0,0,0,1,90349,29583,1439.2049487881552,50.47036
72716578,0,0,3,2,0,0,1,0,1,63575,33748,972.3835486547351,52.55876
72716583,0,0,4,5,0,0,1,0,1,44757,21777,617.1189787390366,57.11093
72716585,0,7,7,2,1,0,0,0,1,52284,33235,867.6997141567625,14.74146
72716590,0,0,3,2,1,1,1,0,1,73119,110198,1058.6036044211328,24.27938
72716593,1,2,2,3,0,0,1,1,1,72312,24918,2311.862910345935,59.87939
72716612,3,4,4,7,0,0,1,0,1,46117,32711,1658.341230778637,40.38687
72716615,0,6,5,4,1,1,1,0,1,46189,39949,1185.4113995344064,17.41863
72716625,0,0,2,1,0,0,0,0,0,62676,24887,1401.4143930566158,41.21733
72716634,2,2,7,6,1,0,1,0,1,92604,55554,1170.3207689815315,40.09333
72716635,0,0,1,1,0,0,0,0,1,40863,20117,965.1538499776309,22.64768
72716640,3,4,2,4,0,0,1,1,0,59180,52549,757.6928200346343,49.87177
72716642,5,7,3,3,1,1,0,0,1,83114,99805,2542.9487500626224,60.95174
72716644,0,4,10,10,1,1,1,1,1,104669,170282,1460.4479627911346,61.2154
72716646,5,4,3,8,1,1,1,1,1,60018,141541,1499.7703845528858,17.53617
72716648,0,1,0,3,0,0,0,0,0,48626,25133,285.48123980424145,24.45916
72716650,1,0,1,4,0,0,0,0,0,43977,20995,2397.618480590617,39.51901
72716659,1,2,4,4,1,0,0,1,0,63172,34044,4312.977323463752,59.08682
72716660,1,2,1,2,1,0,1,1,1,77493,65741,1103.3449445551482,35.18393
72716664,1,1,5,2,0,0,0,1,1,90730,27807,1002.4094652425648,25.27499
72716667,1,5,4,3,0,0,0,0,0,60759,111475,2051.069746579951,54.13256
72716673,1,0,3,5,1,1,0,1,1,85636,39223,2476.659103077276,25.68996
72716681,0,0,1,1,1,0,0,0,1,44404,22344,1270.5871822413176,21.20247
72716683,13,6,8,6,1,1,0,1,1,57994,195805,2004.7189806184726,26.46614
72716685,6,4,7,8,1,1,1,1,1,87235,27027,2447.4414474414475,24.04221
72716686,1,0,0,2,1,0,1,1,0,47563,33273,906.4406575902383,22.41392
72716688,0,1,3,2,1,1,1,0,1,53365,50841,962.1565272122892,28.90802
72716691,4,5,2,6,1,1,0,1,1,60467,66215,4887.789775730575,38.14001
72716693,0,0,2,3,0,0,0,1,1,89229,42605,1582.0678324140358,54.13256
72716697,0,0,0,1,0,0,1,1,1,43437,40341,1826.3305322128851,13.05892
72716699,0,3,4,3,1,1,1,0,1,78306,139248,1125.157991497185,14.37824
72716700,2,1,2,3,0,0,0,0,0,77065,60336,1680.1080615221426,34.39429
72716708,2,1,1,1,0,0,1,0,0,62602,30917,1941.65022479542,40.31116
72716715,1,4,0,4,0,0,0,0,0,42813,25953,1385.080722845143,38.88746
72716717,0,11,1,6,1,0,1,1,1,53971,88885,6364.954716768859,35.18393
72716718,1,1,3,1,0,0,0,0,1,109387,42807,1865.6060924615133,49.70557
72716719,1,0,2,1,0,0,0,1,0,47119,61394,1508.958530149526,52.11649
72716722,1,2,1,5,0,0,0,0,0,66311,59805,391.5558899757545,9.377818
72716728,0,3,1,1,0,0,1,0,0,75329,48263,1216.4183743240162,28.99729
72716730,2,1,9,2,1,1,1,0,1,62973,61248,1240.971133751306,38.02327
72716733,0,0,0,1,0,0,0,0,0,32403,34000,1668.235294117647,49.4422
72716751,2,0,4,6,0,0,1,0,1,53148,62888,1387.4189034473984,27.78494
72716753,2,1,7,5,1,1,0,0,1,60675,20907,1018.8931936671928,31.81687
72716759,12,3,6,5,1,1,0,0,1,59912,183793,1591.6329784050536,26.40977
72716768,1,2,4,3,1,1,0,0,1,53707,26118,753.2736044107512,10.01879
72716770,4,5,4,3,0,0,1,1,1,48459,30908,2425.262068072991,35.86694
72716774,1,2,4,4,1,1,1,1,1,103232,91684,1592.5570437589981,47.33077
72716775,2,7,6,5,0,0,0,0,1,105958,79768,1181.8899809447398,31.81687
72716787,0,1,2,3,1,0,1,0,1,38443,36716,2000.326832988343,38.22501
72716796,0,3,1,12,1,1,1,1,1,68438,137566,1910.3993719378334,47.33077
72716802,10,0,8,9,1,1,0,0,1,71576,978908,1991.7224090517188,23.83898
72716803,0,0,1,3,1,0,1,1,1,66522,28451,3783.2062141928227,55.43111
72716810,8,7,10,4,1,1,0,1,1,73614,64051,NA,30.65372
72716811,0,2,0,1,0,0,0,0,0,44554,36321,1038.8480493378486,68.13255
72716814,2,5,3,3,1,1,1,1,1,39432,153606,4784.682889991276,64.11714
72716815,1,0,2,3,0,0,0,1,0,45080,36317,1357.518517498692,16.30518
72716818,0,0,0,1,0,0,0,0,0,60260,32118,1084.6254436764432,16.24473
72716820,1,0,2,2,0,0,0,0,1,81493,41085,5336.205427771693,54.65577
72716823,4,4,11,9,1,0,1,1,1,47511,112136,2051.4286223871013,47.46133
72716825,0,0,2,2,0,0,0,0,0,99188,51593,1036.0514023220205,38.44934
72716828,1,5,5,5,1,0,0,1,1,40211,26208,2090.1251526251526,29.91503
72716833,6,8,4,7,1,1,1,1,1,53525,214237,2160.280437086031,24.91591
72716838,14,8,3,6,1,1,0,0,1,49075,75130,1976.0015972314654,45.48798
72716839,2,3,1,4,1,0,1,0,1,48137,46212,2411.494849822557,18.96014
72716845,0,1,0,3,0,0,0,0,0,40662,39642,1550.1236062761716,33.0308
72716848,3,0,3,2,1,0,0,0,1,74044,36475,3889.431117203564,21.13265
72716862,6,3,7,1,1,0,0,0,1,65866,170243,1955.9629470815248,49.83949
72716865,3,0,1,1,1,1,1,0,1,109378,126813,1197.0697010558856,35.73583
72716876,1,5,4,1,1,1,1,1,1,82305,91394,1825.5027682342386,21.13265
72716878,2,3,2,3,1,0,0,0,1,46374,71721,1713.2081259324325,25.14193
72716882,1,0,1,1,1,1,0,0,1,96057,49356,770.7067023259584,40.09333
72716883,3,0,2,2,1,1,0,1,1,74464,48158,1362.0582250093444,14.37824
72716890,3,0,1,1,0,0,1,0,0,32839,27817,2999.1731674875077,21.74368
72716891,3,3,2,1,1,1,0,1,1,106088,25696,1410.7643212951432,40.09333
72716895,0,1,2,4,0,0,0,0,1,43094,29615,976.498396083066,45.33112
72716897,0,3,1,1,0,0,0,0,0,33699,23403,795.3253856343205,34.61669
72716900,0,0,2,4,0,0,1,1,1,98020,60896,1156.0036784025224,27.43816
72716913,0,3,2,2,0,0,0,0,1,40178,117979,1805.0839556192204,21.72592
72716928,3,3,7,4,1,0,1,1,1,48734,36843,1947.289851532177,23.63064
72716948,13,5,3,3,1,1,0,1,1,45750,247945,1307.128597067898,65.19328
72716950,3,0,3,1,1,0,1,1,1,66057,53447,1078.7696222425955,28.99729
72716954,0,0,2,2,0,0,1,1,1,57586,108649,1465.0848144023414,10.83059
72716956,0,3,9,8,0,0,0,1,1,37092,23671,2034.8105276498673,15.27123
